A. JÚNIOR, JAIME
ABAURRE, MARIA BERNARDETE MARQUES
ABIB, JONAS
ABRAMOVICH, FANNY
ABREU, ALÊ
ABREU, ALINE
ABREU, ANGÉLICA
ABREU, CAIO FERNANDO
ABREU, CASIMIRO DE
AB'SABER, AZIZ NACIB
ACEDO, ROSANE
ADORNO, THEODOR W. 
AGOSTINHO, CRISTINA
AGUIAR, LUIS ANTÔNIO
AIEX, ANOAR
ALBERGARIA, LINO DE
ALBERONI, FRANCESCO
ALÇADA, ISABEL
ALCANTARA, IVAN 
ALENCAR, ALÉCIO
ALENCAR, CHICO
ALENCAR, JOSÉ DE
ALIGHIERI, DANTE
ALLSBURG, CRIS VAN
ALLUÉ, JOSEP M.
ALMEIDA , LAURA BEATRIZ JOAQUIM DE
ALMEIDA, ANITA CORREIA LIMA
ALMEIDA, ANTONIO LUIZ MENDES DE
ALMEIDA, ELENICE DE
ALMEIDA, FERNANDA LOPES DE
ALMEIDA, IVAN ENGLER DE
ALMEIDA, JOAQUIM DE
ALMEIDA, JOSÉ DE
ALMEIDA, LÚCIA MACHADO DE
ALMEIDA, MANUEL ANTÔNIO DE
ALMEIDA, MARIA CECÍLIA MENDES
ALMEIDA, MARIA ELIZABETH
ALMEIDA, PAULO NUNES DE 
ALMEIDA, ROSÂNGELA DOIN DE
ALMEIDA, THEODORA MARIA MENDES DE
ALPHEN, JEAN-CLAUDE R.
ALTENFELDER, ANNA HELENA
ALVARENGA, JOSÉ
ALVES, CASTRO
ALVES, GILBERTO LUIZ
ALVES, NENO
ALVES, RENATO
ALVES, RUBEM
ALVES, SHEILLA
ALVES, THAIS
AMADO, JANAÍNA 
AMADO, JORGE
AMARAL, AMADEU
AMARAL, FIRMINO TEIXEIRA DO
AMARAL, JADER DENICOL DO
AMARAL, MARIA ADELAIDE
AMARO, CUÍCA DE SANTO
AMARO, FÁBIO
AMBRÓSIO, UBIRATAN DE
AMLMEIDA, HUGO
AMODEO, MARIA CELINA BASTO
AMORIM, MARIA LUISA
AMORIM, PATRÍCIA
AMOS, EDUARDO
ANA, ANTONIO SANTA 
ANDAHAZI, FEDERICO
ANDERSEN, HANS CHRISTIAN
ANDRADE, CARLOS DRUMMOND DE
ANDRADE, CARLOS DRUMMOND DE 
ANDRADE, DORIVAL MARTINS DE
ANDRADE, JOAQUIM C.  DE 
ANDRADE, MARIA HILDA DE PAIVA
ANDRADE, MÁRIO  DE
ANDRADE, OSWALD DE
ANDRADE, ROGÉRIO 
ANDRADE, TELMA GUIMARÃES CASTRO
ANDRADE, TIAGO DE MELO
ANDRÉ, HILDEBRANDO 
ANDRIOLO, ARLEY
ANGELI, JOSÉ
ANGELO, IVAN
ANGTHICHAY
ANJOS, AUGUSTO DOS
ANSTEY, CAROLINE
ANTONELLI FILHO, ROBERTO 
ANTÔNIO, DANIEL
ANTÔNIO, JOÃO
ANTUNES, ARNALDO
ANTUNES, CELSO
AQUINO, GILDA DE
AQUINO, JÚLIO GROPPA 
AQUINO, MARÇAL
AQUINO, PATRÍCIA 
ARAGÃO, JOSÉ CARLOS
ARANHA, CECILIA
ARARIBY
ARAÚJO, ALCEU MAYNARD
ARAÚJO, JORGE 
ARAÚJO, JOSÉ PRATA
ARAÚJO, MARIA LYSIA CORRÊA DE 
ARAÚJO, MIRIAM R.C.
ARAÚJO, NAIARA MATTAR DE
ARAUJO, NEIRE DE SOUSA
ARAÚJO, ROGÉRIA 
ARBEX JUNIOR, JOSÉ
ARCHER, HELENA
ARCHIV, BAUHAUS
ARCO-VERDE, RENAN
ARINOS, AFONSO
ARLON, PENELOPE
ARMELIN, MARIA ALICE MENDES
ARNOLD, MATTHIAS
ARNS, PAULO EVARISTO CARDEAL 
AROEIRA, MARIA LUÍSA CAMPOS
ARRABAL, JOSÉ
ARROYO, MIGUEL G. 
ARRUDA, JOSÉ JOBSONDE A. 
ARÚJO, HENRY CORREA DE
ASSARÉ, PATATIVA DO 
ASSIS, MACHADO DE 
ASSUMÇÃO, JÉFERSON
ATHAYDE, JOÃO MARTINS DE
AURÉLIO, OLIVEIRA
AYMONE, SANDRA
AZAVEDO, RICARDO
AZENHA, MARIA DA GRAÇA 
AZEVEDO, ALUÍSIO
AZEVEDO, ALUÍSIO 
AZEVEDO, ARTUR 
AZEVEDO, FERNANDO
AZEVEDO, GUILA
AZEVEDO, HELOÍSA DE AQUINO
AZEVEDO, JÔ 
AZEVEDO, JOSÉ FRNACISCO
AZEVEDO, RICARDO
B. NETO, ALDO 
BÁ, GABRIEL
BAAL-TESHUVA, JACOB
BABBITT, NATALIE
BACCELLI, CARLOS
BACICHETTE, HELÔ
BADRA, RODNEI
BAGNO, MARCOS
BAGUINHA
BAIRRE, J. M.
BALDI, ELIZABETH
BALDIN, NELMA
BALLIETT, BLUE
BALZAC, HONORE DE 
BANDEIRA, MANUEL
BANDEIRA, PEDRO
BANYAI, ISTVAN
BARATA, MÁRIO
BARBATO, SILVIANE BONACCORSI
BARBOSA, ANA MAE
BARBOSA, MARIA LUCIA VICTOR 
BARBOSA, ROGÉRIO ANDRADE
BARCELLOS, CACO
BARDARI, SÉRSI
BARI, ATILIO
BARRAGÁN, SALATIEL
BARRETO, ANTONIO
BARRETO, DÉBORA
BARRETO, ELBA SIQUEIRA DE SÁ
BARRETO, LIMA
BARRETO, LIMA
BARRIE, J. M.
BARRIGA, HELIANA 
BARROS, EDGARD LUIZ DE
BARROS, HIGINO COSME
BARROS, LEANDRO GOMES  DE
BARROS, MANOEL DE
BARROS, MARIA DE LOURDES TEIXEIRA
BARROSO, PATRICIA MESQUITA
BARRUCAND, MARIANNE
BARSOTTI, RENATO
BARTHES, ROLAND
BATISTA, MÁRCIA
BATITUCI, GRAÇA 
BATTISTONI FILHO, DUÍLIO
BAUMAN, JANINA
BAUMAN, ZYGMUNT
BAUMEYER, IRACEMA DA COSTA
BEARDEN, MILT
BEATRIZ, LAURA
BECK, ELEONORE
BECKS-MALORNY, ULRIKE
BEDNORZ, ACHIM
BEISIEGEL, CELSO DE RUI
BELÉM, VALÉRIA
BELI, ROBERTO 
BELINKY, TATIANA
BELLI, ROBERTO 
BELLINGHAUSEN, INGRID BIESEMEYER
BENCZIK, EDYLEINE B. P.
BENÍTEZ, J. J.
BENTANCUR, PAULO
BERBEL, MÁRCIA
BERGAMIN, ESTELA
BERGAMINI, CECÍLIA WHITAKER
BERGER, EDGARD M.
BERGER, MILTON
BERLINCK, JOSÉ GUILHERME CHAUI 
BERNARDES, CYRO
BERNARDI JÚNIOR, HERMES
BERNARDIN, JACQUES
BERNARDO, GUSTAVO
BERTOLUCI, JAIME
BERTRAND, CÉCILE
BERUTTI, FLÁVIO COSTA
BESKOW, OLDEMAR
BETTELHEIM, BRUNO
BETTO, FREI
BEYER, ESTHER
BIARDO, HÉLIO
BICALHO, GABRIEL
BICHOFF, ULRICH
BICHSEL, PETER
BILAC, OLAVO
BITTENCOURT, CIRCE MARIA FERNANDES
BIZZO, NELIO
BIZZOTTO, MARIA INÊS
BLAKE, QUENTIN
BLANC, NERO
BLAY, BEATRIZ
BOCAGE, MANUEL DU
BOCHECO, ELOÍ ELISABETE
BOCKEMÜHL, MICHAEL
BODENBURG, ANGELA
BOEF, WALTER
BOFF, LEONARDO
BOJUNGA, LYGIA
BOLDRIN, ROLANDO
BOLZAN, DÓRIS
BONASSI, FERNANDO
BOND, ROSANA
BONFIM, JOÃO BOSCO BEZERRA
BONITO, ANGELO
BONJUNGA, LYGIA
BOOCK, SYLVIA HELENA
BORATYNSKI, ANTONI
BORDIN, JUSSARA
BORGES, CÉLIA MARIA FERREIRA
BORGES, JORGE LUIS
BORGES, ROGÉRIO
BORNE,  ISABELLE
BORNHEIM, GERD
BORTOLIN, RENATA CRISTIANE GUERRA
BORTOLINI, JOSÉ
BOSI, ALFREDO
BOSING, WALTER
BOULOS JÚNIOR, ALFREDO
BOURDOUKAN, GEORGES
BOYER, CARL
BRACHT, VALTER E OUTROS
BRADBURY, RAY
BRAGA, ADRIANA REGINA
BRAGA, EDSON ROCHA
BRAGA, JUSSARA
BRAGA, MÁRCIA MARIA VILLANACCI
BRAGA, RUBEM
BRAGA-TORRES, ANGELA
BRANCA, MARIA  DE PAULA
BRANCO, CAMILO CASTELO
BRANCO, SAMUEL MURGEL
BRANDÃO, ANA LÚCIA
BRANDÃO, HELIANA 
BRANDÃO, IGNÁCIO DE LOYOLA
BRANDÃO, ILDEU
BRANDÃO, LUIS ALBERTO
BRANDÃO, MARIA DO CARMO 
BRANDÃO, ZAIA
BRANDOLIN, THOMAZ
BRANT, JOSÉ MAURO
BRASIL, ASSIS
BRASIL, LUIZ ANTONIO DE ASSIS
BRAVO, HÉCTOR FÉLIX
BRAZ, JÚLIO EMÍLIO
BRAZ, MARIA
BRAZ,SALVINO DOS SANTOS
BRAZ,SARAH DOS SANTOS
BREFE, ANA CLÁUDIA FONSECA
BRENER, JAYME
BRETON, FLORENCE
BRIAN,MOSES
BRIEGHEL-MULLER, GUNNA
BRIGHT, M
BRITO NETO, JOSÉ 
BRITO, ALEXANDRE
BRITO, HELENA
BRITO, RONALDO CORREA DE
BRIZUELA, BÁRBARA M.
BROCHADO, FERNANDO AUGUSTO 
BROCHADO, MONICA MARIA VIVIANI
BRODBECK, MARTA DE SOUZA LIMA
BRONTË, EMILY
BROWN, DEE
BROWNE, DIK
BROWNING, ROBERT
BRUHNS, HELOISA
BRUNO, SOLANGE CLAUDINO
BRUNSIZIAN, IZABEL
BRUNSTEIN, RAQUEL
BRYNT, PETER
BRZEZINSKI, IRIA
BUARQUE, CHICO
BUARQUE, CRISTOVAM
BUCH, W.
BUCHWEITZ, CLÉLIA A.
BUCHWEITZ, DONALDO
BUDGE, WALLIS
BUENO, EDNA
BUENO, EDUARDO
BUENO, RENATA
BUENO, SILVEIRA
BULLÓN, ALEJANDRO
BUNETT, H. FRANCE
BUNIN, RACHEL BIHELLER
BURLAND, C. A
BURNETT,H.FRANCES
BUTTERFIELD, MOIRA 
BUZZATI, DINO
BYINGTON
CABOCLO, MANOEL
CABRAL , RODRIGO ESPINOSA
CABRAL, GLADIR
CABRAL, RODRIGO ESPINOSA
CABRAL, SÉRGIO
CÁCERES, FLORIVAL
CADERMATORI, LIGIA
CADORE, LUIS AGOSTINHO
CAGLIARI, LUIS CARLOS
CAIXEIRO, NATHANAEL C.
CALDINI, VERA
CALLADO, ANTÔNIO
CALLEGARI, CESAR
CALLEGARI, NEWTON
CALVI, GIAN
CALVINO, ITALO
CAMARGO, DILAN
CAMARGO, JOSÉ EDUARDO E SOARES, L 
CAMARGO, MILTON
CAMARGO, NELSON JOSÉ DE
CAMARGO, PIERINA
CAMARGOS, MÁRCIA
CAMINHA, ADOLFO
CAMÕES, LUIS VAZ DE 
CAMPOS, KLEBER G.
CAMPOS, KLEBER ROBERTO DE
CAMPOS, MARIA CRISTINA DA CUNHA
CAMPOS, PAULO MENDES
CAMPOS, REGINA HELENA DE FREITAS
CAMPOS, TÂNIA MARIA MENDONÇA
CANAUNA, ILMA MARIA 
CANDAU, VERA MARIA
CANDIDO, ANTONIO
CANN, HELEN
CÂNTARA, SÉRGIO DE JESUS
CANTON, KATIA
CANTÚ, CESARE
CAPELATO, MARIA HELENA
CAPOZZI, ARIEL
CAPPARELLI, SÉRGIO
CAPUTO, RUTH ROZENDO
CARDOSO, LÚCIO
CARDOSO, LUIZ CLÁUDIO
CARNEIRO, ANGELA
CARNEIRO, MÁRIO DE SÁ
CARPANEDA, ISABELLA
CARPANEDA, ISABELLA
CARR, STELLA
CARRARO, ADELAIDE
CARRARO, FERNANDO
CARRASCO, WALCYR RODRIGUÊS
CARRASCOZA, JOÃO ANZANELLO
CARROL, LEWIS
CARRUTH, JANE
CARSON, BEM
CARUSO, CARLA
CARVALHO, ANDRÉ
CARVALHO, JOSÉ CANDIDO DE MELO
CARVALHO, JOSÉ MURILO DE
CARVALHO, JOSÉ SÉRGIO FONSECA
CARVALHO, MARCO ANTÔNIO
CARVALHO, MARLENE
CARVALHO, MARTA MARIA CHAGAS
CARVALHO, MIGUEL
CARVALHO, MIRIAN CRISTINA 
CARVALHO, NELSON MARCELLINO 
CARVALHO, REGINA
CASCUDO, LUÍS DA CÂMARA
CASH, TERRY 
CASTANHA, MARILDA
CASTELLANI FILHO, LINO
CASTELLO, J. ADERALDO
CASTRO, EDUARDO VIVEIROS
CASTRO, EUGÊNIO DE
CASTRO, JORGE VIVEIROS
CASTRO, MARIA DA GLÓRIA
CATALÃO, MARCO
CATE, CURTIS
CAULOS
CAVALCANTE, RODOLFO COELHO 
CAVALCANTI, LANA DE SOUZA
CAVICCHIOLO, GIANCARLA 
CAZARRÉ, LOURENÇO
CAZORLA, IRENE MAURICIO
CERQUEIRA, ESEM P.
CERQUEIRA, JONIR BECHARA
CERQUEIRA, RUI
CERVANTES, MIGUEL DE 
CHACON, THALÍA IGLESIAS
CHADLER, RAYMOND
CHALITA, GABRIEL
CHALLONER, JACK
CHAMBERLIN, E. R.
CHANDLER, RAYMOND
CHÂTELET, FRANÇOIS
CHAVES, JAQUELINE
CHEN, KETY
CHEUICHE, ALCY
CHIAPINNI, LIGIA
CHIARELLI, ADELÍDIA
CHIARINELLI, AGENOR
CHIAVENATO, JÚLIO JOSÉ
CHICONATO, CIDA
CHILD, LAUREN
CHILDRES, DAVID HATCHER
CHOMSKY, NOAM
CHRISTIE, AGATHA
CIANNI, SOLANGE DE AZEVADO
CIAVATTA,MARIA
CICERO, MARCO TÚLIO
CLAUDIUS
CLAVER, RONALD
CLEMENTE, MARTA
COAT, JANIK 
COELHO, DANIEL M.
COELHO, NELLY NOVAES
COELHO, PAULO
COELHO, ROGÉRIO
COELHO, RONALDO SIMÕES
COHEN, JEAN-LOUIS
COIMBRA, DAVID
COIMBRA, HEBE
COLASANTI, MARINA
COLBORN, T.
COLL, CÉSAR
COLLODI, CARLO
COLOMBO, CRISTOVÃO 
COMELATO, MAGALI BERGGREN 
CONCEIÇÃO,VANUZA BRAZ DA
CONRAD, JOSEPH
CONSOLO, VINCENZO
CONTE,VALDECIR ANTONIO
CONY, CARLOS HEITOR
CONZATTI, ODETE
COPPIN, BRIGITTE
CORÁ, ALESSANDRA
CORALINA, CORA
CORDÍE, ANNY
CORNELL, JOSEPH
CORREA, JAVIER CORREA
CORRÊA, LUCIANO
CORREIA, ALMIR
CORREIA, MARCOS MIRANDA
CORTÁZAR, JULIO
CÔRTES, GUSTAVO
CORTIZO, NEIDE
COSTA, FLÁVIO MOREIRA DA 
COSTA, MONICA RODRIGUES
COUTINHO, RICARDO
COUTO, JOSÉ GERALDO
COUTO, MIA
COUTO, RIBEIRO
COZENDEY, ANA CARLA
CRAIDY, CARMEM M. 
CRIPPA, MARIA ANTONIETTA
CROSHER, JUDITH
CRUZ, NAZARÉ
CRUZ, NELSON
CSÍSTO, CELSO
CUMMING, ROBERT
CUNHA, EUCLIDES DA 
CUNHA, JOSÉ AURI
CUNHA, JOSÉ AURI
CUNHA, LEO
CUNHA, MARCELO CARNEIRO DA
CUNHA, PAULO
CURRIE, KAREN
CURTO, ROSA M.
CURY, CARLOS ROBERTO JAMIL
DAEIR, ZILDA ABUJAMRA 
D'AGUIAR, CORDÉLIA DIAS
DAHL, ROALD
DALLA, JULIANA
D'AMBROSIO, OSCAR
D'ANGELO, FABIO
D'ANGELO, RENATA ADRIÃO
DANSA, SALMO
DANTAS, CRISTIANE
DANTAS, HELOYSA
DANTE, LUIS ROBERTO
DAOLIO, JOCIMAR
DARIDO, SURAYA CRISTINA
DAVIS, LEE
DEFOE, DANIEL
DEICHER, SUSANNE
D'ELIA, LUIZ FAUSTO
DELORS, JACQUES
DELPIROU, ALAIN
DEMARCHI, MARTA
DEMO, PEDRO
DESCHARNES, ROBERT
DEUS, JOÃO DE
DEVLIN, KEITH
DEWDNEY
D'HAESE, MÁRCIA M. 
DIAFÉRIA, LOURENÇO
DIAKITÉ, BABA WAGUÉ
DIALLO, MAMADOU
DIAS, CEZAR
DIAS, CHRISTINA
DIAS, FILHO
DIAS, GENEBALDO FREIRE 
DIAS, GONÇALVES
DIAS, GONÇLVES
DIAS, VERA LÚCIA
DIAS-BECK, SUZANA
DÍAZ, LUIS
DICKENS, CHARLES
DILL, LUÍS
DINIS, JÚLIO
DINIZ FILHO, AYMAR MACEDO
DINIZ, ANDRÉ
DINIZ, APARECIDA
DINIZ, EDINHA 
DINIZ, MARCELO
DINORAH, MARIA
DIOGO,ANDRÉ
DIOUF, SYLVIANE A .
D'ISRAEL, DAVY
DOINET, MYMI
D'OLIVEIRA, H. MAIA.
D'OLIVEIRA, MARIA DO CARMO
DOMINGOS, MARIO
DONATO, HERNÂNI
DONELL, PATRICK MC
DORIN, LANNOY
DORMANT, LA BELLE AU BOIS 
DOSTOIÉVSKI, FIÓDOR
DOYLE, CONAN
DOYLE, SIR ARTHUR CONAN
DREWNICK, RAUL
DROSTE, MAGDALENA
DRUMMOND, REGINA
DRUMMOND, ROBERTO
DRUON, MAURICE
DUARTE, MADALENA
DUARTE, MARCELO
DUARTE, MARIA AUXILIADORA MOREIRA
DUARTE, NEWTON
DUBREUCY, FRANCINE
DUCCA, W.L.
DUFTY, WILLIAM
DUMAS FILHO, ALEXANDRE 
DUMAS, ALEXANDRE
DUNBAR, JOYCE 
DUPRÉ, MARIA JOSÉ
DURÃO, JOSÉ DE STA.RITA
DURIER, FRANCK
DURKHEIM, EMILE
E, ESTERMANN
EBOLI, TEREZINHA
ECO, UMBERTO
EDNA, AOKI 
EDNIR, BEATRIZ C. M. 
EDNO, CICERO
EDUAR, GILLES
EHRET, ARNO
ELGER, DIETMAR
ELIAS, JOSÉ
ELZBIETA 
EMMERLING,  LEONHARD
ENDE, MICHAEL
ENZENSBERGER, HANS MAGNUS
ERLBRUCH, WOLF
ERNST, BRUNO
ESCHER, M.C.
ESMERALDO, VALÉRIA PORTO
ESOPO
ESPANCA, FLORBELA
ESPESCHIT, RITA
ESPÍ, PILAR
ÉSQUILO
ESTEVES, ROSA
EVA, FUNARI
ÉVANO, BRIGITTE
FABBRI, ANGELICA POLICENO
FAÉ, WALTER JOSÉ
FAIFI
FALCÃO, ADRIANA
FARACO, SERGIO
FARIA, ANA LÚCIA G. DE 
FARIA, ANTONIO AUGUSTO DA COSTA 
FARIA, EDMÉIA
FARIA, LIA CIOMAR MACEDO 
FARIA, RICARDO DE MOURA
FARIA, ROMILDO PÓVOA
FARIA, TALES
FARKAS, KIKO
FATURETO, MAIZA 
FÁVER, MARIA DE LOURDES ALBUQUERQUE
FÁVERO, OSMAR
FAZENDA, IVANI
FEITOSA, VERA CRISTINA
FELDMAN, CLÁUDIO
FELDMAN, THEA
FENTON, MARK
FERNANDES, ANTONIO CARLOS MACHADO
FERNANDES, ELÔ 
FERNANDES, MILLÔR
FERNANDES, ODILON
FERNANDES, ROSA
FERNANDEZ, LAETITIA
FERRARA, LUCRÉCIA D'ALÉSSIO
FERRARI, ALFONSO TRUJILLO
FERRARI, ELIZABETH ÁVILA 
FERRAZ, EUCANAÃ
FERRAZ, MARISA VIANNA
FERREIRA, HELENITA DE MORAES
FERREIRA, JEAN
FERREIRA, RAQUEL GONÇALVES
FERREIRA, SILVIA REGINA D. 
FERREIRO, EMILIA
FETH, MONIKA
FETZNER, ANDRÉA ROSANA FETZNER
FIALHO, DANIELA
FIDALGO, LÚCIA
FIELDING,HENRY
FIGUEIREDO, ALDRIN MOURA DE
FIGUEIREDO, PAULO 
FIGUEIREDO, TOMAZ DE
FILHO, ADONIAS
FILIZOLA, ROBERTO
FILLOUX, JEAN-CLAUDE
FILONOV,G.N.
FINE, ANNE
FISCHER, LUIS AUGUSTO
FISCHER, WOLFGANG GEORG
FITTIPALDI, CIÇA
FIZIOLA, ROBERTO
FLAUBERTE, GUSTAVE 
FLEISHMANN, LEZI JACQUES 
FLIEDL, GOTTFRIED
FLORA, ANNA
FLORENZANO, MARIA BEATRIZ
FONSECA JÚNIOR, FERNANDO MORAES
FONSECA, APARECIDA MARIA 
FONSECA, JUAREZ
FONSECA, LÚCIA LIMA DE 
FONSECA, MARIA DA CONCEIÇÃOF. R.
FONSECA, RUBEM
FONSECA, SELVA GUIMARÃES
FONTAINE, JEAN DE LA 
FONTANA, ROSELI 
FONTENELE, RAIMUNDO
FONTES, MIRIAM LOPES DA MOTA
FONTES, OFÉLIA E NARBAL
FOOT, NEWTON
FORJAZ, SONIA SALERNO
FORMAN, JOAN
FOUCAULT, MICHEL
FOX, MEM
FRABETTI, CARLO
FRANÇA, ELIARDO
FRANCE, MARY CAROLYN
FRANCHINI, A . S. 
FRANCO, MÁRCIA ELIZABETE WILKE
FRANCO, RENATO
FRANCO, SÉRGIO
FRANCO, SILVIA CINTRA
FRANTZ, LORI MARIA
FREIRE, FERNANDA MARIA PEREIRA
FREIRE, JOÃO BATISTA
FREIRE, NORMA
FREIRE, PAULO
FREITAS, LUIZ CARLOS DE
FREITAS, VALÉRIA
FRIEDMANN, ADRIANA
FRIES, CLAUDIA
FRITZEN, SILVINO JOSÉ
FRNCHI, EGLÊ PONTES 
FRNK, PENNY
FROMKIN, DAVID
FROMM, ERICH
FROTA-PESSOA, OSWLADO
FURINI, ISABEL
FURNARI, EVA 
FURTADO, JORGE
GAIMAN, NEIL
GAITE, CARMEN MARTIN
GAJARDO,MARCELA
GALASSI, NELLY ROCHA
GALDINO, JEFERSON PEREIRA 
GALDINO, LUIZ
GALEANO, EDUARDO
GALLARDO, JORGE SÉGIO PÉREZ
GALLO, SILVIO
GALLOTTI, A
GALVÃO, MARIA HELENA
GANDIN, DANILO
GANDIN, LUÍS ARMANDO
GANDINI, RAQUEL
GANEM, ELIANE
GANERI, ANITA 
GARCEZ, LUCÍLIA
GARCIA, EDSON GABRIEL
GARCIA, EUNICE 
GARCIA, FRANCISCO MARTINS
GARCIA, JOÃO
GARCIA, LEDONIAS FRANCO
GARCIA, OSÓRIO 
GARFIELD, PATRICIA
GARRETT, ALMEIDA
GASTALDI,MARIA VÍRGINIA
GATTAI, ZÉLIA
GEBARA, ADEMIR 
GEBARA, HELOÍSA
GEDOVIUS, JUAN
GEGAUF, STEFANIE WIRTH
GÊNOVA, CARLOS
GENTILI, PABLO A . 
GEORGEN, PEDRO
GERDES, PAULUS
GERMANO, ANA P. 
GHIRALDELLI JUNIOR , PAULO
GIANNOTTI, JOSÉ ARTHUR 
GIANSANTI, ROBERTO
GIBSON, MICHAEL
GIKOVATE, FLÁVIO
GINZBURG, CARLO
GIORDANO, HERCULE
GIOVANNI, ANTONIO CASTRO
GIROUX, HENRY A . 
GISSONI, RINALDO
GLICK, RUTH
GLIORI, DEBI 
GLÓRIA, CARME PERIS 
GLÓRIA, MARÍA RIUS
GLÓRIA, MARÍA RUIS 
GOBBI, SEBASTIÃO
GÖBEL, ANNA
GODINHO, MARILENE
GODOY LADEIRA, JULIETA DE
GODOY, JUAREZ
GÓES, LÚCIA PIMENTEL
GOETHE
GOFFMAN, ERVING
GOGOL, NICOLAI
GÓIS, MALU
GOLBERT, CLARISSA S.
GOLDSTEIN, SAM E MICHAEL
GOMES, ALEXANDRE DE CASTRO
GOMES, ÁLVARO CARDOSO
GOMES, ANTONIO CARLOS 
GOMES, CANDIDO ALBERTO
GOMES, CLARA ROSA CRUZ
GOMES, CLAYSON
GOMES, DIAS
GOMES, ELBA G.
GOMES, JAQUELINE
GOMES, NILMA LINO
GOMES, VICTOR MANUEL MENDONÇA COSTA
GOMES,ALEXANDRE DE CASTRO
GOMES,ÁLVARO CARDOSO
GOMES,LENICE
GONÇALVES, CLEONICE PEZZOLATO ABORIHAN
GONÇALVES, DILVANIR
GONÇALVES, REGINA GOUVEIA
GONICK, LARRY
GONSALES, FERNANDO
GONSALVES, SILVIA
GONTIJO, REBECA
GOODHART, PIPPA
GOODMAN, KEN
GOOL, VAN
GORDON, MARY
GOSCINNY, R. 
GOULART, MÁRIO
GOUVEIA, BETH
GOUVEIA, NELSON
GOWDAK, DEMÉTRIO 
GOWDAK, LUÍS HENRIQUE
GRAFTON
GRAHAME, KENNETH
GRANATO, FERNANDO
GRANATO, SUZANA FACCHINI 
GRANSTRÖM, BRITA
GRANT, NEIL
GRASSI, VALÉRIA
GRATIOT - ALFANDÉRY, HÉLÉNE
GREEN, CHRISTINE
GREENE, GRAHAM
GREGORIN FILHO, JOSÉ NICOLAU
GRIBEL, CHRISTIANE
GRILLO, LEILA MARIA
GRIM, JACOB
GRIMM, IRMÃOS
GRIMSHAW, CAROLINE
GRINBERG,KEILA
GRINBERG,LUCIA
GRISÓLIA, DULCY 
GROGAN, JOHN
GROSSI, ESTHER
GROWE, BERND
GRUDZIEN, HELIANA
GSLDINO, LUIOZ
GUARINELLO, NORBERTO
GUATTARI, FÉLIX
GUEDES, HARDY
GUELLI, OSCAR
GUIMARÃES, BERNARDO
GUIMARÃES, JOSUE
GUIMARÃES, RONALDO
GULLAR, FERREIRA
GUNESEKERA, ROMESH
GUSSI, ALCIDES FERNANDES
GUTIERREZ, LUIS GUSTAVO
HAESE, MÁRCIA MACEDO DA 
HALEY, GAIL
HALFMANN, JANET
HALPERN, ALFREDO
HAMELINE, DANIEL
HAMILTON, RICHARD
HAMMET, DASHIELL
HANHELA, TAPIO E.
HANSEN, JOÃO ADOLFO
HANSTEIN, MARIANA
HARLOW, ROSIE
HARMER, WENDY
HARRIS, CHRIS E RAY
HARRIS, ROBERT J.
HARRISON, MICHAEL 
HAUFF, WILHELM
HAURÉLIO, MARCO
HAWKINS, JACQUI E COLIN
HAWTHORNE, NATHANIEL
HECK, EGON 
HEINE, EVELYN
HEINE, HELME
HEINRICH, CHRISTOPH
HEITZ, BRUNO
HELENO, GUIDO
HELLARD, SUSAN
HELLER, AGNES
HELMUT, HEILAND 
HENDRICKSON, JANIS
HENRIQUES, RACHEL
HÉRBARO, JEAN
HERBERT, JANIS
HERCULANO, ALEXANDRE
HERNANDES, RENY
HESSE, HERMANN
HETZEL, BIA
HETZEL, GRAZIELA BOZANO
HILGENHEGER, NORBERT
HIMES, CHESTER
HIPÓLIDE, MÁRCIA CRISTINA
HIRATSUKA, LÚCIA
HOBSBAWM, ERIC J.
HOFFMANN, JUSSARA
HOHLFELDT, ANTÔNIO
HOLANDA, ARLENE
HOLANDA, AURÉLIO BUARQUE
HOLEINONE, PETER
HOLLANDA, CHICO BUARQUE DE
HOLZER, HANS
HOMEM, HOMERO
HOMERO
HONG, CHEN JIANG
HONNEF, KLAUS
HONORA, MARCIA 
HOPKINS, GERARD MANLEY
HORTA, JOSÉ SILVÉRIO BAIA
HORTA, NINA
HUBERMAN, LEO
IACOCCA, LILIANA 
IACOCCA, MICHELE
ILELIS, NEIR
IMENES, LUIZ MÁRCIO
IMPEY, ROSE
ÍNDIGO
INGPEN, ROBERT
IÓRIO, SUELY APARECIDA
IRVING, WASHINGTON
ISAAC, JULES
ÍSOLA, LEDA 
IVANISSEVICH, ALICIA
IVANOVITCH, LAIR 
IVIC, IVAN
JACINTHO, ROQUE
JACOB, DIONISIO
JACOBUCCI, ARY MEIRELLES
JAF, IVAN
JAHARA-PRADIPTO, MARIO
JAHN, HEILAND 
JAHN, HELOISA 
JAMES, BARBARA
JAMES, HENRY
JANULEWICZ, MIKE
JASSANÃ
JAZENUCH, BERNARDO
JOLIBERT, BERNARD
JOLIBERT, JOSETTE
JONAS, ANNE
JONAS, ANTONIO 
JONGEWARD, JAMES
JORDACK, DORA
JORGE, FERNANDO
JOSÉ, ELIAS
JOSÉ, GANYMÉDES
JOSÉ, SEVERINO
JÚNIOR, GESIEL
JUNQUEIRA, SÔNIA
JUNQUEYRA, BETO
KAFKA, FRANZ
KAMADA, JULIANA KYOKO
KAMII, CONSTANCE
KAN, LAI PO
KANÁTYO
KARNAL, LEANDRO
KATO, RICARDO
KATZ, WELWYN W. 
KAY, SARAH
KEBACH, PATRÍCIA
KENNEDY, IAN G.
KETTENMANN, ANDREA
KILEY, DAN
KIMURA, SHOKO
KING, STEPHEN MICHAEL
KIPLING, RUDYARD
KISHIMOTO, TIZUCO
KITHÃULU, RENÊ
KLEIN, LÍGIA REGINA
KLIKSBERG, BERNARDO
KLINGSÖHR-LEROY, CATHRIN
KLINICKI, LADISLAU
KLINK, AMYR
KLINTING, LARS
KOK, GLÓRIA PORTO 
KOKOL, ANELIS
KOKUBUN
KONDO, DANIEL
KORMANN, JAQUELINE
KOTHE, SIEGFRIED
KOWALCZYK, MARIE THERESE
KOZEL, SALETE
KRAMER, SONIA
KRANTZ, JUDITH
KRANZFELDER, IVO
KRASILCHIK, MYRIAM
KRIEGER, GUSTAVO 
KRIEGESKORTE, WERNER
KRUG, ANDRÉA ROSANA FETZNER
KRYSTOF, DORIS
KUHN, THOMAS
KUMON, TORU
KUPSTAS, MARCIA
LABROUSSE, ALAIN 
LACAN, JACQUES
LACERDA, NILMA
LACHENMEYER, NATHANIEL 
LACOCCA,LILIANA
LADEIRA, JULIETA DE GODOY
LAERTE
LAGE, MICHELINE
LAGO, ANGELA
LAJOLO, MARISA
LALAU
LAMB, MARY
LAMBERT, GILLES
LAMPEDUSA, GIUSEPPE TOMASI DI 
LANCELLOTTI, SILVIO
LANCHA, JOUBERT JOSÉ
LARAIA, ROQUE DE BARROS 
LASSEN,  CHRISTIAN RIESE
LAURITO, ILKA BRUNHILDE
LAWRENCE, D. H. LAWRENCE
LAZARIN, ANTONIO
LE BOULCH, JEAN
LE CARRÉ, JOHN
LE GOFF, JACQUES
LE HUCHE, MAGALI
LEAL, ISA SILVEIRA 
LEAL, MARIA TERESA
LEAR, EDWARD
LEE, KATE 
LEE, TONY
LEFEBVRE, GEORGES
LEGRAND, LOUIS
LEIDENS, ROSA DE LIMA
LEINDECKER, DUCA
LEITÃO FILHO, HERMÓGENES F.
LEITE, ALCIENE RIBEIRO
LEITE, JOSÉ R. T. 
LEITE, MÁRCIA
LEITE, SÍLVIO FERREIRA
LELLIS
LEMINSKI, PAULO
LEMOS, MIGUEL
LEONELLI, LUIZ BERNARDO
LESAGE, MARION 
LESANN, JANINE
LESSA, ORÍGENES
LETRÍA, ANDRÉ
LETRIA, JOSÉ JORGE
LEVINE, KAREN
LEVITAN, CLÁUDIO
LIBÂNEO, MARCIA
LIBERALI, FERNANDA COELHO
LIBERATO, YARA
LIMA, A . FRAGA
LIMA, ADRIANA DE OLIVEIRA 
LIMA, ARISTIDES FRAGA
LIMA, DANIEL
LIMA, DOUGLAS SILVA
LIMA, DUARTE CONSTÂNCIA
LIMA, EDY
LIMA, GERALDO
LIMA, GRAÇA
LIMA, HELOISA PIRES
LIMA, JOÃO FERREIRA
LIMA, JOSÉ AMÉRICO DE
LIMA, MARIA LUISA DE ABREU
LIMA, MÁRIO HÉLIO GOMES
LIMA, REGINA CELIA VILLAÇA
LIMA, VERA M.
LIMA,MARIA LUISA DE ABREU
LIMÓS, ANNA
LINARES,ALCY
LINHARES, JOSÉ AGUIAR 
LINS, GUTO
LINS, OSMAN
LISBOA, ADRIANA
LISBOA, HENRIQUETA
LISPECTOR, CLARICE
LOBATO,  MONTEIRO
LÔBO, YOLANDA
LOCH,JUSSARA MARGARETH DE PAULA
LODY, RAUL
LOKATOS, EVA MARIA
LONDON, JACK
LONGATO F.,SILVIA REGINA
LONGLAND, STELLA
LOPES NETO, SIMOES 
LOPES, CACÁ
LOPES, CARLOS HERCULANO
LOPES, CIDA
LOPES, WALTER
LOPEZ, ADRIANA
LOUREIRO, ALÍCIA MARIA ALMEIDA
LOUREIRO, ELIZABETH MARIA ARAÚJO
LOURENÇO, BARBOSA 
LOURO, GUACIRA LOPES
LOUZEIRO, JOSÉ
LOVERCRAFT, H.P.
LOWCHINOVSCY, SÉRGIO LUIZ
LÜDKE, MENGA
LUKAS, CATHERINE
LUTZEMBERGER, JOSE
LUZ, ANTHERO
MACDONALD, FIONA
MACDONALD, ROSS
MACEDO, JOAQUIM MANEUL DE
MACEDO, JOSÉ RIVAIR
MACHADO, ALCÂNTARA 
MACHADO, ANA MARIA
MACHADO, ÂNGELO
MACHADO, ANÍBAL
MACHADO, ANTÓNIO DE ALCÂNTARA
MACHADO, CORDÉLIA S. MACHADO
MACHADO, DYONELO
MACHADO, JUAREZ
MACHADO, LOURDES SANTOS
MACHADO, LUIZ RAUL
MACHADO, MARIA CLARA
MACHADO, MARIA CRISTINA GOMES
MACHADO, NILSON JOSÉ
MACHADO, NÍLSON JOSÉ 
MACHADO, PATRÍCIA BRUM 
MACHADO, SILVIA MARIA DE CAMPOS
MADUREIRA, MARIA CÉLIA 
MAESTRI, MÁRIO
MAGALDI, SÁBATO
MAGALHÃES, ANA MARIA
MAGALLANES, ALEJANDRO
MAGINA,SANDRA
MAGNOLI, DEMÉTRIO
MAHFUZ, NAGUIB
MAIA, JOSEANE
MAIA, LUIZ
MAIA, VITOR
MAITLAND, JOANNA
MAJOR, RENÉ
MAKHOUL, GEORGES A .
MALUF, NAGIBA MARIA RIZEK
MAMBRINI, MIRIAM
MANASTA, ATTILIO
MANDARAS, LYNDA E AREA
MANDELLI, PAULA
MANFREDI, VALÉRIO MASSIMO
MANGUAHÃ
MANN, THOMAS
MANNING, MICK
MANNING, SUSAN
MANSFIELD, KATHERINE
MANTOAN, MARIA TERESA EGLÉR
MANTOVANI, MARIA 
MANTOVANI,KATIA PAULILO
MANZANO, SYLVIA 
MAOR, ELI
MÁRAI, SÁNDOR
MARANDIO, MARTHA
MARCHIORI, ROGERIO
MARCO, ADEMIR DE
MARCON, HELENA CAROLINA
MARCONDES FILHO, CIRO
MARCONI, MARIA DE ANDRADE
MARCOS, ALEXANDRE
MARCUSCHI, LUIZ ANTÔNIO
MARIGNY, CARLOS DE
MARINHO, AMÉRICA DOS ANJOS
MARINHO, JOÃO CARLOS
MARINHO, JORGE MIGUEL
MARINS, FRANCISCO
MARLOWE,CHRITOPHER
MARQUES, ADHEMAR MARTINS
MARQUES, CRISTINA
MARQUES, FLÁVIA
MARQUES, ISABEL
MARQUES,CRISTINA
MARQUEZ, YÊDA
MARRACH, SÔNIA A . 
MARTINELLI, ROGÉRIO JOSÉ
MARTINELLI, TÂNIA ALEXANDRE
MARTINELLI, TÂNIA ALEXANDRE 
MARTINEZ, PAULO
MARTINS DIAS, MARIA HELOISA
MARTINS, ADILSON
MARTINS, ANA LUIZA
MARTINS, CLÁUDIO
MARTINS, EDNÉA IARA SOUZA 
MARTINS, GEORGINA DA COSTA
MARTINS, GILBERTO DE ANDRADE
MARTINS, JOSÉ PEDRO SOARES
MARTINS, MARIA DO CARMO PAES
MARTINS, MARIA LUÍSA SORIANO
MARTINS, MARIA SILVIA SINTRA
MARTINS, RAQUEL MÁCIA FONTES
MASSA, ANA CRISTINA
MASSARANI, MARIANA
MASSI, AUGUSTUS
MASUR, JANDIRA
MATHESON, RICHARD
MATOS, CLARENCE JOSÉ  DE
MATTA, SOZÂNGELA SCHEIMIM
MATTOS, CYRO DE
MATTOS, NEIDE SIMÕES DE
MATUCK, RUBENS
MAUPASSANT, GUY DE
MAYLE, PETER
MAZZARO, JOSÉ LUIZ
MAZZOTTA, MARCOS S.
MCKEE, DAVID
MCLEISH, EWAN
MEIRA, LUCIANO
MEIRELES, CECÍLIA
MEIRELLES, RAFAEL
MEIRIEU, PHILIPPE
MELLO, DANIELA
MELLO, GUIOMAR NAMO DE
MELLO, MARIA CONCEIÇÃO D'INCAO E
MELLO, ROGER
MELLO, SÍLVIA
MELLO, SORAIA SILVA DE
MELLO, THIAGO DE
MELO, CLÉLIA MÁRCIA 
MELO, GILBERTO BRAGA DE
MELVILLE, HERMAN
MENDONÇA, ADRIANA
MENDONÇA, BERNARDO DE
MENDONÇA, LUCIANA V.P. DE 
MENDONÇA, NASCIMENTO MAI 
MENDONÇA, SONIA
MENÉNDEZ, MARGARITA
MERIMEE, PROSPER
MESQUITA, ALICE
MEURIS, JACQUES
MEYER, DAGMAR 
MHLOPHE, GCINA
MICELI, PAULO
MICO, PEDRO
MIDDLETON, HAYDN
MIGNOT, ANA CHRYSTINA VENANCIO
MIGUEZ, FÁTIMA
MILANO, CAUÊ STEINBERG
MILLARD, ANNE
MILLER, HENRY
MILOS JUNIOR, GILBERTO
MILTON CAMARGO
MINDLIN, BETTY E NARRADORES INDÍGENAS
MINK, JANIS
MIOR, MÁRIO SOUTO
MIRANDA, ANA LÚCIA 
MIRANDA, MARCO
MIRANDA, SIMÃO DE
MIROW, KURT RUDOLF
MITTER, MATT
MONACO, OCTAVIA
MONARCHA,CARLOS
MONTALVO, GERMAN
MONTANARI, VALDIR
MONTEIRO, ALEXANDRINA
MONTEIRO, E. JACY
MONTEIRO, JOÃO PAULO 
MONTEIRO, JOSÉ MAVIEL
MONTEIRO, MARIA BEATRIZ
MONTELLO, JOSUÉ
MONTENEGRO, OSVALDO
MOON, FÁBIO 
MORAES, ANTONIETA DIAS DE
MORAES, ARTUR G. DE 
MORAES, VINICIUS DE
MORAIS, ARTUR GOMES DE
MORAIS, BRUNO LEONARDO GIRALDELLI DE
MORALES, YUYI
MORAVIA, ALBERTO
MOREIRA, ANTÔNIO FLÁVIO BARBOSA
MOREIRA, HAYLTON GRAY
MOREIRA, JOSÉ RICARDO
MORELLATO, PATRÍCIA C. 
MORENO, CLAUDIO
MOREYRA, CAROLINA
MORGADO, SILVA LENIR 
MORGAN, GARETH
MORGENSTERN, SUSIE 
MORICONI, ITALO
MORLEY, HELENA 
MORUS, TOMAS
MOSES, BRIAN
MOTA, CARLOS GUILHERME
MOTT, ODETTE DE BARROS
MOULIN, NILSON
MOURA, ANDRÉ 
MOURA, PAULO
MOURÃO, RONALDO ROGÉRIO DE FREITAS
MUHLBERGER, RICHARD
MUNARI, ALBERTO
MUNDURUKU, DANIEL
MUNDY, MICHAELENE
MUNIZ, FLÁVIA
MUNIZ, LAURO CÉSAR
MURAD, JOSÉ ELIAS
MURALHA, SIDÓNIO
MURILO, GERSON
MURPHEY, CECIL
MURRAY, ROSEANA
MURRIE, ZULEIKA DE FELICE
MUSSAPI, ROBERTO
MUSTAFA, YAZBEK 
NACARATO, ODAIR MENDES
NAHUM, ERDNA PERUGINE
NALI, PEDRO
NAMIKOSHI, TORU
NASCIMENTO, VERNECI DOS SANTOS
NASPOLINI, ANA TERESA
NASSAR, RADUAN
NASSIF, RICARDO
NAYER, JUDY
NEGROPONTE, NICHOLAS
NEIVA, LIA
NEJM, MARIA ESTHER
NELSON, JACK K.
NÉRET, GILLES
NERUDA, PABLO
NESTROVSKI, ARTHUR
NETHO,PAULO
NEVES, ANDRÉ
NEVES, JOSÉ ALBERTO PINHO
NEVES, LIBÉRIO
NEWBERY, ELIZABETH
NICHOLIS, MIKE
NICOLELIS, GISELDA LAPORTA
NICOLÓ, GREGORIO
NIELSON, CLAIRE 
NIETZSCHE, FRIEDRICH
NIGRO, ROGÉRIO GONÇALVES
NIN, ANAÏS
NINÁ, NAY
NINETE ROCHA
NISKIER, ARNALDO
NOBRE, ANTÔNIO
NÖRNBERG, MARTA
NORONHA, TERESA
NOVAES, J. F.
NOVAES, LUIZ ANTÔNIO
NUNES, CÉSAR A. 
NUNES, CLARICE
NUNES, SILMA DO CARMO 
NUNES, TEREZINHA
NUVENS, SEBASTIÃO
OCELOT, MICHEL
ODA, TERUKO
OLIC, NELSON BACIC
OLIMPIO, DOMINGOS
OLIMPIO, FABIOLA LOPES SILVA
OLIVE, MARIA
OLIVEIRA FILHO, MILTON CÉLIO DE 
OLIVEIRA, AURÉLIO DE
OLIVEIRA, DAISY LARA DE
OLIVEIRA, DJALMA PINHO REBOUÇAS DE
OLIVEIRA, GILVAN SAMPAIO
OLIVEIRA, JÔ
OLIVEIRA, JOSENIA LIMA DE
OLIVEIRA, JOTA DE
OLIVEIRA, KIUSAM DE
OLIVEIRA, LIDUINA BARTHOLO DE
OLIVEIRA, LUIZ ANTONIO PINTO
OLIVEIRA, MARCELO RIBEIRO  LEITE DE
OLIVEIRA, MARCOS MARQUES
OLIVEIRA, NELSON DE 
OLIVEIRA, NEWTON RAMOS DE
OLIVEIRA, PAULO MEDEIROS DE
OLIVEIRA, REGINA FÁTIMA CALDEIRA DE  
OLIVEIRA, RUI DE
OLIVEIRA, TATIANA
OLIVEIRA, VERA LUCIA DE
OLIVIERI, ANTONIO CARLOS
OLMO, MARIA JOSÉ ACEDO DEL 
ONO, WALTER
ORLANDI, ENI PULCINELLI
ORMUNDO, WILTON
ORTHOF, SYLVIA
ORTIZ, RENATO
ORWELL, GEORGE
OSBORN, MARIJANE
OSTERWOLD, TILMAN
OTERO, REGINA 
OVÍDIO
OXLADE, CHRIS
PABST, MARCEL LUIZ
PACCE, CLÁUDIA F
PACHECO, ELIS
PACHECO, JOSÉ
PACHECO, SUZANA MOREIRA
PADILHA, PAULO ROBERTO
PAES, DUCARMO
PAES, JOSÉ PAULO 
PAIM, PAULO
PAIVA, EDUARDO FRANÇA
PAIVA, MANUEL DE OLIVEIRA
PAIVA, VERA
PAIXÃO, FERNANDO
PALACKAPILLY, CARÍNA
PALEARI, LUCIA
PAMPLONA, ROSANE
PANELAS, OLIVEIRA DE
PAPESCU, MONIKA
PAQUET, MARCEL
PARK, MARGARETH BRANDINI
PARKER, STEVE
PARO, VITOR HENRIQUE
PARREIRAS, NINFA
PASCALE, ROSANA
PASCUAL, MARIA
PASIM, LUIZA
PASQUALE, COSTA CSCINO
PASSINI, ELZA Y.
PASSONI, CÉLIA
PASSUELLO, MARIA DO CÉU PIRES
PASTELLS, ANGEL ALSINA I
PATITUCCI, ANTONIO CARLOS
PATRIOTA, MARGARIDA
PAULA, BRANCA MARIA DE
PAULA, IEDA DE
PAZINATTO, MARIALUIZA RIBEIRO
PEDRAS, LUZIA VILLELA
PEDRO, ANTONIO
PEDROSO, MYLENE LYRA
PELLEGRINI, DOMINGOS
PELLEGRINI, SANDRA BRECHERET
PELUSO, ANGELO
PENA, MARTINS
PENNA, MARIA LUIZA
PENTEADO, MARIA HELENA
PEREGALLI, ENRIQUE
PEREIRA, ANDRÉ
PEREIRA, ANDRÉA KLUGE
PEREIRA, ÉDIMO DE ALMEIDA
PEREIRA, MANUEL
PEREIRA, PEDRO SOUSA
PEREIRA, SYLVIO
PEREIRA, WILSON
PERES, NEUZA LOZANO
PERHAM, MOLLY
PERLMAN, ALINA
PERRAULT, CHARLES
PERRENOUD, PHILIPPE
PESSANHA, CAMILO
PESSOA, FERNANDO
PESTILI, ELLEN
PETTY, KATE
PFEIFFER, BRUCE BROOKS
PIAGET, JEAN
PIER, MIGUEL DE
PIERO, CELIA E.A.DI
PIESIECKI, GERARD JOZEF
PIETRI, ÉMERSON
PILLAR, ANALICE DUTRA 
PIMENTA, MARCUS AURELIUS
PIMENTA, SELMA G. 
PIMENTEL GÓES, LÚCIA
PIMENTEL, LUÍS
PIÑON, NÉLIDA
PINSKY, MIRNA
PINTO, GERUSA RODRIGUES
PINTO, LUIS GONZAGA OLIVEIRA
PINTO, SÉRGIO DE CASTRO
PINTO, ZÉLIO ALVES
PINTO, ZIRALDO ALVES
PINTO,ALOYLSON GREGÓRIO DE TOLEDO
PINTO,GERUSA RODRIGUES
PIQUEIRA, GUSTAVO
PIRANDELLO, LUIGI
PIRES, MARCELO
PIROLI, WANDER
PIVANO, FERNANDA
PIZA, CARMELINA DE TOLEDO
PLACE, ROBIN
PLAZY, GILLES
PLEINES, JÜRGEN-ECKARDT
PLUTARCO
PNSKY, CARLA BASSANEZI
POE, EDGAR ALLAN
POLIZZI, VALÉRIA PIASSA
POLLEGRINI, DOMINGOS
POLO, MARCO
POMPÉIA, RAUL
PONTES, JOSÉ ALFREDO VIDIGAL
PONTIN,JOEL A.
PONTY, ERIC
POPLE, STEPHEN
POPOV, NIKOLAI
PORTA, PAULA
PORTE, H. ELEANOR
PORTELA, FERNANDO 
PORTELA, MIRIAM
PORTELLA, VALÉRIA 
PORTER, ELEANOR H.
PORTES, MAXS
PORTO, AMÉLIA
PORTO, CRISTINA
POSSENTI, SÍRIO
POUGY, ELIANA
POUZADOUX, CLAUDE
POZO, JUAN IGNÁCIO
PRADO JUNIOR, CAIO 
PRADO, LUCÍLIA JUNQUEIRA DE ALMEIDA
PRADO, PATRÍCIA D. 
PRADO, ZULEIKA DE ALMEIDA
PRATA, MÁRIO
PRATES, VALQUÍRIA
PRETA, STANISLAW PONTE
PREZIA, BENEDITO
PRIETO, HELOISA
PRIORE, MARY DEL 
PROENÇA
PUCCI, BRUNO
PUNTEL, LUIZ
QUADROS, JANIO 
QUEIRÓS, BARTOLOMEU CAMPOS DE
QUEIROZ, DINAH SILVEIRA DE
QUEIROZ, EÇA DE 
QUEIROZ, RACHEL DE
QUEIROZ, TANIA DIAS 
QUENTAL, ANTERODE
QUINTANA, MÁRIO
QUOIST, MICHEL
RACHLIN, ANN
RAFFA, IVETE
RAILLON, LOUIS
RAMOS, ADRIANA
RAMOS, ANNA CLÁUDIA
RAMOS, GRACILIANO
RAMOS, LUCIANO
RAMOS, LUZIA FARACO
RAMOS, MARIO
RAMOS, ROBERTO CARLOS
RAMOS, ROSSANA
RANGEL,JORGE ANTONIO 
RAPOPORT, ANDREA
RAQUEL, ANA 
RASPE, RUDOLPH ERICH
RAVER
REBELO, MARQUES 
REDIN, EUCLIDES
REDIN, MARITA
REED, JOHN
REGINA, BERLIM
REGINO, SUELI MARIA DE
REGO, JOSÉ LINS DO
REGO, KARIN SÁ
REGO, LÚCIA LINS BROWNE
REIS, BENEDICTA APARECIDA C. DOS 
REMARQUE, ERICH MARIA
RENDELL, RUTH
RENNER, ROLF G.
RENNÓ, REGINA
REPCHUK, CAROLINE
REPETTO, JUAN CALOS PORTA
RESENDE, ANTONIO CARLOS
RESENDE, OTTO LARA
REUTER, BJARNE
REVIEJO, ANA ISABEL
REVIEJO, CARLOS
REY, MARCOS
REY, RENATO CASAL DE
REYES, YOLANDA
REZENDE, JOSÉ CAMELO DE MELO
REZENDE, MARIA VALÉRIA
REZENDE, SÍLVIA 
REZENDE, STELLA MARIS
RHODAN, PERRY
RIBEIRO, CÉLIA PINTO
RIBEIRO, DARCY
RIBEIRO, EID
RIBEIRO, EYN MELO
RIBEIRO, FLAVIA  DIAS
RIBEIRO, GONÇALVES
RIBEIRO, JOÃO UBALDO
RIBEIRO, JONAS
RIBEIRO, JOSÉ HAMILTON
RIBEIRO, JÚLIO
RIBEIRO, LOURDES EUSTÁQUIO PINTO 
RIBEIRO, MARIA LUISA SANTOS
RIBEIRO, NYE
RIBEIRO, REGINA LÚCIA SANTOS
RIBEIRO, ROBERVAL GUEDES
RIBEIRO, VERENICE LEITE 
RICARDO, CASSIANO
RICARDO, STELLA MARIS BORTONI
RIORDAM, JAMES
RIOS, MARIA DA GRAÇA
RIOS, ROSANA
RIOS, SÂMIA
RIOS, TEREZINHA AZEREDO 
RIOS, ZOÉ
RISEN, JAMES
RISTOW, FATIMA 
RITER, CAIO
RITO, LÚCIA
ROBATTO, SONIA
ROCA, NURIA 
ROCHA, CLÓVIS COELHO
ROCHA, JAIME FERNANDO VILLAS
ROCHA, MÁRIO BORGES DA
ROCHA, RUTH 
ROCHA, VANESSA CAMPOS
ROCHA, WILSON
ROCHUT, JEAN-NOËL
RODELLA, JOÃO BOLDRIN
RODGERS, MARY
RODRIGUES, ARLETE MOYSÉS
RODRIGUES, CRISTINA DE A. G.
RODRIGUES, HUGO
RODRIGUES, JUCIARA
RODRIGUES, MOACIR
RODRIGUES, NELSON
RODRIGUES, VILMAR
RODRIGUEZ, ANA CAROLINA VIEIRA
RODRIGUEZ, VIEIRA ANA CAROLINA
ROHRS, HERMANN
ROLIM, MARIA AUGUSTA
ROMANELLI, EDGARD
ROMÃO, JOSÉ EUSTÁQUIO 
ROOKE, PATRICK
RORTY. RICHARD
ROSA NETO, ERNESTO 
ROSA, GUIMARÃES
ROSA, JOÃO GUIMARÃES
ROSA, NEREIDE SANTA 
ROSA, NEREIDE SCHILARO SANTA
ROSA, RODRIGO
ROSA, SONIA
ROSAS, ALEJANDRO
ROSE,LUIS H.
ROSS, TONY
ROSSI, MARIA HELENA WAGNER
ROSTAND, EDMOND
ROTERDÃ, ERASMO DE
ROTH, KLAUS
ROTH, OTAVIO
ROTTA, JOSEPHA MEDRANO
ROWLING, J.K.
RUBIRA, MANOEL CARLOS
RUILLIER, JÉRÔME
RUIZ, ALICE
RUÍZ, DENISE
RUSSELL, BERTRAND
RYLANT, CYNTHIA
SAAD, TIAGO
SABBAG, DAVID CONRADO
SABINO, FERNANDO
SÁ-CARNEIRO, MÁRIO  DE
SACRISTÁN, GIMENO J.
SADOVSKY, PATRICIA
SAGNER, KARIN
SAINT-EXUPÉRY, ANTOINE DE
SAKAI, SATN
SAKI, H.H. MUNRO
SALAMUNES, NARA
SALDANHA, ZÉ
SALERNO, SILVANA 
SALÉTO, VERA LÚCIA
SALINGER, J.D.
SALLES-COELHO, ANDRÉ
SANCHEZ , JUAN ESCÁMEZ
SANDOVAL , ANDRÉS
SANDRONI, LAURA
SANDRONI, LUCIANA
SANDRONI, PAULA
SANFELICE, JOSÉ LUIS
SANTANA, ANA PAULA
SANTANA, ELIANA C.
SANT'ANA, RENATA
SANT'ANNA NETO, JOÃO LIMA 
SANTANNA, AFFONSO ROMANO DE
SANTOS, ANDRÉ 
SANTOS, ANTÔNIO TEODORO DOS
SANTOS, CRISTINA
SANTOS, ENÉIAS TAVARES DOS
SANTOS, FABIANO DOS
SANTOS, FABIO CARDOSO
SANTOS, GABRIEL ARAUJO DOS
SANTOS, JOEL RUFINO
SANTOS, JOEL RUFINO DOS 
SANTOS, JOSÉ
SANTOS, JOSÉ LUIZ DOS 
SANTOS, MARCO ANTONIO CARVALHO
SANTOS, MARCOS CÉSAR DE OLIVEIRA
SANTOS, MILTON
SANTOS, SANDRA BENITES DOS
SANTOS, SANTA DOS 
SANTOS, WALTHER MOREIRA
SANTOS, WAYNE TOBELEM DOS 
SANVOISION, ÉRC
SARAIVA, JURACY ASSMANN
SARAMAGO, JOSÉ
SARDENBERG,CARLOS ALBERTO
SARGENTIM, HERMÍNIO
SARMENTO,DIRLÉIA FANFA
SAUERESSIG, SIMONE
SAUL, ANA MARIA
SAUVAIN, PHILIP
SAVAGET, LUCIANA 
SAVATER, FERNANDO
SAVIANI, DEMERVAL
SAYÃO, ROSELI
SCALON, PATRÍCIA A. 
SCARLATO, FRANCISCO C.
SCATAMACCHIA, MARIA
SCHAUFFERT, ESTELA
SCHIEL, DIETRICH
SCHILLING, VOLTAIRE
SCHIRMER, CAROLINA 
SCHMIDT, JOEL
SCHNEIDER, HELGA
SCHREIBER, FLORA RHETA
SCHUBERT, RENATE
SCHULZ, CHARLES M.
SCHWARTZ, GISELE MARIA
SCIESZKA, JON
SCLIAR, MOACYR
SCOTT, WALTER SIER
SEBER, MARIA DA GLÓRIA
SEBILLE, COLETTE
SECCO, PATRICIA ENGEL
SEGANFREDO, CARMEM
SÉGUR, CONDESSA DE
SEKIYA, TEREZA
SELEGUINI, LEILA
SELÉTO, VERA LÚCIA
SELLIER, MARIE
SEMBACH, KLAUS-JÜRGEN
SÊNECA
SENNA, COSTA
SEPÚLVEDA, CARLOS
SERRÃO, ALBERTO NUNES
SETH, BAUER 
SEVERINO, ANTONIO JOAQUIM
SEZERBAN, GUSTHAVO 
SEZERBAN, RAFAEL
SFAR, JOANN
SHAH, SONIA
SHAKESPEARE, WILLIAM
SHAW, GEORGES BERNARD
SHELDON, SIDNEY
SILVA, ADALBERTO FERREIRA
SILVA, ADRIANO F.
SILVA, ARACY LOPES 
SILVA, CONCEIL CORRÊA DA 
SILVA, EXPEDITO SEBASTIÃO DA
SILVA, IRAMI
SILVA, JOÃO MELQUÍADES DA
SILVA, LINDOMAR DA
SILVA, LUIZ INÁCIO DA SILVA
SILVA, LUIZGERALDO DA
SILVA, MANOEL CABOCLO
SILVA, MARIA BEATRIZ NIZZA DA
SILVA, MAURO LUIZ DA
SILVA, MINELVINO FRANCISCO
SILVA, NILTON FIDÉLIS
SILVA, NYE RIBEIRO
SILVA, TOMAZ  T. DA 
SILVA, TOMAZ TADEU DA 
SILVA, VERA M. LIMA E
SILVA, VERA MARIA TIETZMANN
SILVA,VALMORES CONCEIÇÃO DA
SILVA,YARA MAURA 
SILVEIRA, NIRA
SILVEIRA, ZULEIDE SIMAS
SILVERSTEIN, SHEL
SIMENON, GEORGES
SIMENON, MAIGRET
SIMIELLI, MARIA ELENA
SIMON, QUITTERIE 
SINGER, ISAAC BASHEVIS
SÍNGH, RÍNA 
SISTO, CELSO
SLIVA, CONCEIL C. DA
SMITH, FRANK
SMITH, LANE
SMITH, LOUIS M
SMOLE, KÁTIA STOCCO
SMOLKA, ANA LUIZA BUSTAMANTE
SMOLKA, NEIDE
SMOOTHEY, MARION
SOARES, EDUARDO SARQUIS
SOARES, MARIA INÊS BIZZOTTO
SOARES, RICARDO
SOARES, ROSÂNGELA
SOARES, SUELY GALLI
SOBANSKI, ADRIANE 
SOEK, ANA MARIA
SOËTARD, MICHEL
SOFOCLES
SO-HYEON, PARK
SOLA, JOSÉ ANTÔNIO
SOLÉ, ISABEL
SOLER, REINALDO
SOUSA,  MAURÍCIO DE 
SOUSA, AVANETE PEREIRA
SOUSA, CRUZ E
SOUSA, MARIA ALICE FERNANDES DE
SOUSA, MAURÍCIO DE 
SOUZA JÚNIOR, OSMAR MOREIRA 
SOUZA, AFONSO FELIX DE
SOUZA, ANGELA LEITE DE
SOUZA, ARI  HERCULANO DE
SOUZA, FLAVIO DE
SOUZA, HERBERT DE
SOUZA, IARA LIS SCHIAVINATTO CARVALHO
SOUZA, IZA RAMOS E AZEVEDO
SOUZA, LAÉ
SOUZA, LOLY AMARO DE
SOUZA, MÁRCIO
SOUZA, MARRICIO
SOUZA, MÔNICA DE 
SOUZA, SHIRLEY
SPADACIO, CRISTIANE
SPATE, DIETRICH
SPINELLI, ALEXANDRE
SPONVILLE, ANDRÉ COMTE
SPYRI, JOHANNA
SQUARISI, DAD
SSÓ, ERNANI
STABENOW, CORNELIA
STADEN, HANS
STAFFORD, TIM
STAHEL, MONICA
STAMM, MELISSA PROBST
STAREPRAVO, ANA RUTH
STARKE DESIGN 
STARLING, HELOISA MARIA MURGEL
STEELE, PHILIP
STEER, DUGALD
STEFANI ,STEFANIA
STEFANI, ROSALY
STEINBECK, JOHN
STEINER, REINHARD
STEINMANN, HELOISA 
STENDHAL
STENVENSON, ROBERT LOUIS
STEVENSON, LOUIS ROBERT
STEVENSON, ROBERT LOUIS
STEWART, PAUL
STILTON, GERONIMO
STINE, R.L
STOCK, SUZETE DE CÁSSIA VOLPATO
STOKER, BRAM
STRAUSZ, ROSA AMANDA
STRICKLAND, CAROL
STYCER, MAURÍCIO
SUASSUNA, ARIANO
SUBIRÁ, JOÃO PAULO MEDINA 
SUPLICY, MARTA
SVARTMAN, ROSANE
SWIFT, JONATHAN
SYPRIANO, LILIAN
TAETS, SILVANA PINHEIRO
TAFURI, MARCUS
TAHAN, MALBA
TAILLANDIER, FRANÇOIS
TANNONE, LEILA RENTROIA
TAPAJÓS, RENATO
TAQUELIM, CRISTINA
TASCA, MARIANA
TASSINARI, ALBERTO
TAVANO, SILVANA
TAVARES, BRÁULIO
TAVARES, SEBASTIÃO WAGNER DE SOUZA
TAVARES, TAVARES
TÁVORA, ARAKEN
TÁVORA, FRANKLIN
TAYLOR, BARBARA
TAYLOR, CHARLES
TAYLOR, LAURENCE
TAYLOR, SEAN
TCHECOV, ANTON
TEBALDI, WALDEMAR
TEBEROSKY, ANA
TEIXEIRA JR., LUIZ ALEXANDRE
TEIXEIRA, ANÍSIO
TEIXEIRA, MARIO
TEIXEIRA, MARTINS RODRIGUES
TEIXEIRA, NELSON CARLOS
TEIXEIRA, RINALDO SANTOS
TELES, ANTONIO XAVIER
TELES, JOÃO MAECELO DE MELO
TELLES, CARLOS QUEIROZ
TELLES, LYGIA FAGUNDES
TELLES, MARCELO DE QUEIROZ 
TERNI, FABIA
TERRA, ANA
TERSARIOL, SOLANGE FELETTO
TEUBER, SILVIA PESSÔA 
THARLET, EVE
THOENES, CHRISTOF
THOMAS, JERRY R. 
THOMPSON, COLIN
THOREAU,HENRY DAVID
THURLER, MONICA GARTHER
TICKLE, JACK
TILBURG, JOÃO LUIS VAN
TIMÓTEO, VANDERLEI
TOGNETTA, LUCIENE REGINA PAULINO
TOKITAKA, SÔNIA 
TOLEDO, JAMES MANN
TOLEDO, MARÍLIA BARROS DE ALMEIDA
TOLSTOI, LEON
TOLSTOY, LEO
TOMAZELLO, MARIA
TOMITA, RÚBIA YURI
TORELLY, APARÍCIO
TORERO, JOSÉ ROBERTO
TORGA, MIGUEL
TORNERO, NILTON
TOURINHO, LAFAYETTE
TOURNIER, MICHEL
TOZZI, DEVANIL 
TRAIN, ALAN
TRAJBER, RACHEL
TRAVAGLIA, LUIZ CARLOS
TRAVASOS, SONIA
TRELAWNAY, EDWARD JOHN
TREVISAN, DALTON
TREVISAN, GABRIELA SIMONETTI
TREVISAN, LAURO
TRIGGS, TONY D.
TRIGO, MÁRCIO
TRINDADE,KÁTIA
TRIPP, IRVING
TROTT, SUSAN
TROYES, CHRÉTIEN DE
TUBINO, MANOEL
TUCCILLE, JEROME
TUROW, SCOTT
TUTIKIAN, JANE
TWAIN, MARK
TZU, SUN 
UDERZO, A.
UHLMAN, FRED
ULMER, RENATE
UNGERER, TOMI
URBANET, MARIO
VACA, ALVAR NUNES CABEZA DE
VACCARINI, DANIELA
VALADARES, SOLANGE
VALE, MARIO
VALE, SÉRGIO
VALENTE, ANA LÚCIA
VANDEWIELE, AGNÈS
VARELLA, DRAUZIO
VASCO, IRENE
VASCONCELLOS, PAULO SÉRGIO DE
VASCONCELOS, EYMARD M. 
VASCONCELOS, JOSÉ MAURO DE
VASELLI, FRANCO
VASQUES, MARCIANO
VASSALLO, MARCIO
VAZ, FERNANDO
VEIGA, ILMA PASSOS ALENCASTRO
VEIGA, JOSÉ J.
VEIT, BARBARA
VENÂNCIO, RENATO PINTO
VENEZIA, MIKE
VENTURA , NANCY 
VENTURA, NANCY CARUSO
VERDE, CESÁRIO
VERGER, PIERRE
VERGES, ORIOL
VERISSIMO, ERICO
VERÍSSIMO, LUIS FERNANDO
VERNE, JÚLIO
VERNIER, JACQUES
VERSIANI, IVANA
VESENTINI, JOSÉ W.
VIANA, ARIEVALDO
VIANA, VIVINA DE ASSIS
VICENTE, GIL
VICENTE, ZÉ
VIEIRA, ALICE 
VIEIRA, ANA CAROLINA RODRIGUEZ
VIEIRA, ANA GIZELIA
VIEIRA, CELSO
VIEIRA, ISABEL
VIEIRA, REGINA
VIEIRA, SOFIA LERCHE
VIGATO, LÚCIA HELENA
VIGER, CÁSSIA
VIGOTSKI,LEV SEMENOVICH
VILELA, ANDRÉA 
VILELA, ANTÔNIO CARLOS
VILELA, FERNANDA
VILELA, FERNANDO
VILELA, LUIZ
VILLAÇA KOCK, INGEDORE
VILLAR, RODRIGO
VILLELA, BIA
VILLELE, ROSANE
VINCENT, BERNARD
VITA, ÁLVARO DE
VIZENTIN, CAROLINE RAUCH
VOLTAIRE
VON, CRISTINA 
VONNEGUT, KURT
VÓVIO, CLAUDIA LEMOS
VREDERI, ÉRICA
WAJNSZTEJN, ALESSANDRA CATURANI
WALDMAN 
WALLACE, IRVING
WALLON, HENRI
WALPOLE, BRENDA
WALTHER, INGO F.
WANDEWIELE, AGNÈS
WARNAU, GENEVIÉVE
WARNCKE, CARSTEN-PETER
WATERHOUSE, LYNDA
WEBER, SILKE
WEINBERG, GREGORIO
WEISS, MERY
WEISZ,TELAMA
WEITEMEIER,  HANNAH
WELLS, H. G.
WERNECK, HAMILTON
WESTBROOK, ROBERT B.
WHEELIS, MARK
WILDE, OSCAR
WILHELM, JACQUES
WILLIAMS, MARCIA
WILLIAMSON, KEVIN
WODESTI, JOÃO
WOJNAR, IRENA
WOLF, NORBERT
WONSOVICZ, SILVIO
WOOLF, VIRGINIA
WUENSCHE,CARLOS ALEXANDRE
WYSS,JOHANN
XAVIER, MARCELO
XAVIER, MARIA LUISA M. 
YÁÑEZ, ALBERTO
YENGO-SO, YU 
YEONG-SUN, KIM
YOUSSEF, MARIA DA PENHA BERTOLDI 
YUN-JEONG, CHOI
ZABALA, ANTONI
ZAGO, ANDERSON SARANZ
ZAMARIAN, MÁRIO
ZANETTI, MARIANA
ZATZ, LIA
ZATZ, SÍLVIA
ZAZZO, RENÉ
ZEN, MARIA ISABEL H. DALLA 
ZERBST, RAINER
ZIMET, BEM
ZIMRING,FED
ZINHO
ZIRALDO
ZOPPI, ANTÔNIO
ZORZI, JAIME LUIZ
ZOTZ, WERNER
ZUNINO, DELIA LERNER DE
ZWEIG, STEFAN
